Headline,Date
"DocuSign sets IPO terms, with expectations to raise up to $417.5 million",2018-04-17
Pivotal IPO falls short of recent cloud hysteria,2018-04-23
DocuSign raises IPO price range ahead of expected Thursday pricing,2018-04-25
"DocuSign prices IPO at $29, higher than expected, to raise more than $600 million",2018-04-26
DocuSign stock jumps after IPO,2018-04-27
DocuSign stock soars after IPO as cloud fever continues,2018-04-27
Smartsheet stock pops in debut,2018-04-27
DocuSign IPO: 5 things to know about the e-signature company,2018-04-29
"The tech IPO market is back, thanks to boring, old cloud-software companies",2018-05-01
DocuSign initiated at overweight with $53 price target at J.P. Morgan,2018-05-22
5 things to know about investing in single-family rental homes,2018-05-29
DocuSign stock surges 10% after earnings beat,2018-06-07
DocuSign stock gains after analysts cheer earnings beat,2018-06-08
Why it’s worth holding U.S. stocks even if trade strife this summer frays your nerves,2018-06-08
DocuSign says strong international growth boosted first-quarter earnings,2018-06-08
DocuSign stock price target raised to $70 from $53 at J.P. Morgan,2018-06-08
"U.S. stocks open slightly lower on trade tensions, but indexes set for positive week",2018-06-08
"IPO market has busiest quarter in three years, with more deals on the way",2018-07-05
DocuSign founder to leave board amid shake-up,2018-07-11
"Google is a great investor, and Alphabet earnings are showing the results",2018-07-24
"One millennial options trader was killing it, then Facebook cost him $180,000",2018-07-26
DocuSign beats on earnings and raises forecast,2018-09-05
"As DocuSign stock suffered worst day, CEO looked ahead",2018-09-09
DocuSign started at neutral with $45 stock price target at Wedbush,2018-10-19
"Hortonworks, Nutanix among software stocks rising after IBM announces of Red Hat deal",2018-10-29
These 6 Software Stocks Could Be Takeover Targets After Red Hat Deal,2018-10-29
3 Stocks to Bet on Blockchain,2018-11-12
DocuSign Stock Surged After It Named a New Female Board Chair,2018-12-07
Why Investors Should be Wary as the Unicorns Finally Seek IPOs,2018-12-21
Twilio Is Up 400% Since Its IPO and That Provides Hope for the Unicorns,2018-12-21
DocuSign stock rises after Morgan Stanley upgrade,2019-01-15
DocuSign started at overweight with $59 stock price target at KeyBanc Capital,2019-01-28
Facebook Stock Is Helping Harvard’s Stockpickers Beat Yale’s,2019-02-13
DocuSign stock gains after Deutsche Bank upgrade,2019-02-13
"After long weekend, Walmart highlights a short week of earnings",2019-02-18
Docusign stock falls after earnings and revenue beat,2019-03-14
DocuSign CEO Dan Springer on Why He Supports charity: water,2019-04-18
Yale Made Some Savvy Stock Trades in the First Quarter,2019-05-11
DocuSign Stock Can Gain 80%: Fund Manager,2019-05-16
"Beyond Meat, Zoom Video and PagerDuty are about to try to justify booming post-IPO valuations",2019-06-03
DocuSign stock down 14% after results,2019-06-06
DocuSign Q1 rev. $241 million vs. expectations $208 million,2019-06-06
DocuSign stock tanks after company's wider Q1 loss,2019-06-06
"Zoom Video Stock, Beyond Meat Soar as the Dow Edges Up",2019-06-07
DocuSign stock price target cut to $48 from $59 at Wedbush,2019-06-07
"DocuSign stock sinks after billings disappoint, but CEO says slowness is ‘a good thing’",2019-06-07
DocuSign Stock Gets Crushed Despite Earnings Surprise,2019-06-07
Slack listing comes during banner year for tech IPOs despite Uber and Lyft’s troubled debuts,2019-07-02
Yale University Has Built a Large Stake in Slack Stock,2019-08-18
Slack’s missteps have now made the stock a ‘buy’ at the right price,2019-09-04
DocuSign shares catapult 23% on strong revenue guidance,2019-09-05
The Dow Is Up Ahead of Jobs News. Lululemon Gains and Beyond Meat Falls.,2019-09-06
"DocuSign stock gets an upgrade, surges after earnings",2019-09-06
"Dow, S&P 500 book 3rd day of gains, as stock market caps off solid week despite tepid jobs report",2019-09-06
DocuSign stock price target raised to $80 from $65 at Wedbush,2019-10-16
DocuSign stock price target raised to $80 from $70 at Deutsche Bank,2019-12-06
DocuSign stock price target raised to $90 from $80 at Wedbush,2019-12-06
DocuSign downgraded to equal weight at Morgan Stanley,2020-01-13
Brown University Is a Major Shareholder in a Slumping Stock,2020-01-26
How Venture Capital Became Intel’s Answer to ‘Massive Disruption’,2020-02-28
Analysts Slash Enterprise-Software Estimates as Coronavirus Takes a Toll,2020-03-11
DocuSign stock price target raised to $90 from $80 at Deutsche Bank,2020-03-11
DocuSign stock rallies 8.1% after earnings beat,2020-03-12
DocuSign Stock Is Rebounding After Strong Earnings and Guidance,2020-03-12
Work-from-home tech stocks — the next big thing or shiny new object?,2020-03-14
"Charting a consolidation phase, S&P 500 thus far maintains major support",2020-04-03
Tech Investors Sold Virus Names and Went Hunting for Growth Stocks,2020-04-06
DocuSign stock price target raised to $115 from $90 at Wedbush,2020-04-16
Don’t count out DocuSign and Taiwan Semiconductor in this tech rally,2020-04-17
This battle-tested pro in the stock market explains how you can ‘come out swinging’ when the pandemic eases,2020-04-22
Stock winners and losers in the post-Covid 19 work-from-home world,2020-04-24
DocuSign stock price target raised to $140 from $115 at Wedbush,2020-05-28
Slack Reports Earnings After the Close Thursday. Here’s What to Expect.,2020-06-02
Zoom Shares Rally After an Explosive Quarter. Analysts Struggle to Catch Up.,2020-06-03
Electronic Signature Firm DocuSign Beats Analyst Estimates for First Quarter Earnings. Its Stock is Up 95% in 2020.,2020-06-04
DocuSign earnings top expectations as COVID-19 prompts digital shift for businesses,2020-06-04
DocuSign stock price target raised to $165 from $140 at Wedbush,2020-06-05
DocuSign stock price target raised to $150 from $90 at J.P. Morgan,2020-06-05
DocuSign stock price target raised to $160 from $90 at Deutsche Bank,2020-06-05
Zoom Reported a Perfect Quarter. Why Its Stock Reaction Could Suggest Trouble for Much of Tech.,2020-06-05
Robinhood traders could learn from this growth-stock investor who’s beaten indexes by a wide margin for years,2020-06-16
Navigating the topsy-turvy stock market is easier if you set longer-term goals,2020-06-18
DocuSign started at outperform with $200 stock price target at Oppenheimer,2020-06-25
"These stocks, including Tesla and Apple, are the real winners for the second quarter of 2020",2020-07-04
DocuSign stock price target raised to $240 from $165 at Wedbush,2020-07-09
Get ready for the stock market bubble to burst,2020-07-11
I’m selling my holding in Disney stock because of the risk to its theme parks and cruise lines,2020-07-17
Dropbox Shares Soar After Analyst Turns Positive on the Stock,2020-07-20
9 Tech Stocks That Will Please Both Growth and Value Investors,2020-07-21
"Wynn Resorts, Teladoc, and More Stock Picks From a Market-Crushing Mid-Cap Fund",2020-08-05
"After 150 days of the COVID-19 pandemic, here are the best- and worst-performing stocks",2020-08-11
"SoftBank Made Big Bets on Amazon, Tesla, and 23 Other Tech Stocks. The Timing Was Perfect.",2020-08-17
"Zoom Video, Broadcom, DocuSign, and Other Stocks for Investors to Watch This Week",2020-08-30
"Tesla Stock Gains, Zoom Soars, Walmart Rises",2020-09-01
DocuSign stock surges after Zoom results suggest continue boost for remote tools,2020-09-01
Investors Are on the Hunt for the Next Zoom. Here Are 8 Candidates.,2020-09-01
DocuSign stock price target raised to $300 from $200 at Oppenheimer,2020-09-02
"DocuSign Posts Better-Than-Expected Earnings, Raises Full-Year Outlook",2020-09-03
DocuSign beats on earnings amid remote-work boom but stock falls in late trading,2020-09-03
DocuSign Stock Tumbles Despite Strong Earnings as Investors Get Queasy on Valuation,2020-09-04
DocuSign stock price target raised to $260 from $187 at Morgan Stanley,2020-09-04
DocuSign stock price target cut to $270 from $240 at Wedbush,2020-09-04
Here are the biggest stock-market losers on Thursday as the tech sector tanks,2020-09-04
DocuSign downgraded to hold from buy at Deutsche Bank,2020-09-04
Why an approved coronavirus vaccine may not end the pandemic quickly,2020-09-09
Snowflake Priced Its IPO at $120. Here’s Where the Stock Finished Its First Day of Trading.,2020-09-15
Snowflake Stock Doubled on Its First Day of Trading. Here’s What It’s Doing on Day 2.,2020-09-17
Snowflake IPO Shows Investors’ Hunger for a Rarity: True Growth,2020-09-18
Here are the biggest winners in a solid third quarter for U.S. stocks,2020-10-03
DocuSign Is a Buy Because Nobody Signs in Ink Anymore,2020-10-05
DocuSign stock surges after Morgan Stanley upgrade,2020-10-05
"A Software-Stock Assessment: 4 to Buy, 4 to Skip, and 2 to Sell",2020-10-14
"SAP’s Grim Warning Is Weighing on Enterprise Software Stocks, Including IBM",2020-10-26
These stocks rose the most Wednesday as investors cheered a divided government following the elections,2020-11-04
"Zoom, Peloton, Netflix stocks among stay-home names declining after upbeat Moderna vaccine announcement",2020-11-16
